<?xml version="1.0" encoding="UTF-8"?>
<GenRun Id="impl_1" LaunchPart="xc7a100tcsg324-1" LaunchTime="1546800985">
  <File Type="PWROPT-DRC" Name="PICtop_drc_pwropted.rpt"/>
  <File Type="OPT-METHODOLOGY-DRC" Name="PICtop_methodology_drc_opted.rpt"/>
  <File Type="INIT-TIMING" Name="PICtop_timing_summary_init.rpt"/>
  <File Type="ROUTE-PWR-RPX" Name="PICtop_power_routed.rpx"/>
  <File Type="PA-TCL" Name="PICtop.tcl"/>
  <File Type="OPT-HWDEF" Name="PICtop.hwdef"/>
  <File Type="RDI-RDI" Name="PICtop.vdi"/>
  <File Type="OPT-DCP" Name="PICtop_opt.dcp"/>
  <File Type="OPT-DRC" Name="PICtop_drc_opted.rpt"/>
  <File Type="OPT-TIMING" Name="PICtop_timing_summary_opted.rpt"/>
  <File Type="PWROPT-DCP" Name="PICtop_pwropt.dcp"/>
  <File Type="PWROPT-TIMING" Name="PICtop_timing_summary_pwropted.rpt"/>
  <File Type="PLACE-DCP" Name="PICtop_placed.dcp"/>
  <File Type="PLACE-IO" Name="PICtop_io_placed.rpt"/>
  <File Type="PLACE-CLK" Name="PICtop_clock_utilization_placed.rpt"/>
  <File Type="PLACE-UTIL" Name="PICtop_utilization_placed.rpt"/>
  <File Type="PLACE-UTIL-PB" Name="PICtop_utilization_placed.pb"/>
  <File Type="PLACE-CTRL" Name="PICtop_control_sets_placed.rpt"/>
  <File Type="PLACE-SIMILARITY" Name="PICtop_incremental_reuse_placed.rpt"/>
  <File Type="PLACE-PRE-SIMILARITY" Name="PICtop_incremental_reuse_pre_placed.rpt"/>
  <File Type="PLACE-TIMING" Name="PICtop_timing_summary_placed.rpt"/>
  <File Type="POSTPLACE-PWROPT-DCP" Name="PICtop_postplace_pwropt.dcp"/>
  <File Type="POSTPLACE-PWROPT-TIMING" Name="PICtop_timing_summary_postplace_pwropted.rpt"/>
  <File Type="PHYSOPT-DCP" Name="PICtop_physopt.dcp"/>
  <File Type="PHYSOPT-DRC" Name="PICtop_drc_physopted.rpt"/>
  <File Type="PHYSOPT-TIMING" Name="PICtop_timing_summary_physopted.rpt"/>
  <File Type="ROUTE-ERROR-DCP" Name="PICtop_routed_error.dcp"/>
  <File Type="ROUTE-DCP" Name="PICtop_routed.dcp"/>
  <File Type="ROUTE-BLACKBOX-DCP" Name="PICtop_routed_bb.dcp"/>
  <File Type="ROUTE-DRC" Name="PICtop_drc_routed.rpt"/>
  <File Type="ROUTE-DRC-PB" Name="PICtop_drc_routed.pb"/>
  <File Type="BG-BIN" Name="PICtop.bin"/>
  <File Type="ROUTE-DRC-RPX" Name="PICtop_drc_routed.rpx"/>
  <File Type="BG-DRC" Name="PICtop.drc"/>
  <File Type="ROUTE-METHODOLOGY-DRC" Name="PICtop_methodology_drc_routed.rpt"/>
  <File Type="BITSTR-MSK" Name="PICtop.msk"/>
  <File Type="ROUTE-METHODOLOGY-DRC-RPX" Name="PICtop_methodology_drc_routed.rpx"/>
  <File Type="BG-BGN" Name="PICtop.bgn"/>
  <File Type="ROUTE-METHODOLOGY-DRC-PB" Name="PICtop_methodology_drc_routed.pb"/>
  <File Type="ROUTE-PWR" Name="PICtop_power_routed.rpt"/>
  <File Type="ROUTE-PWR-SUM" Name="PICtop_power_summary_routed.pb"/>
  <File Type="ROUTE-STATUS" Name="PICtop_route_status.rpt"/>
  <File Type="ROUTE-STATUS-PB" Name="PICtop_route_status.pb"/>
  <File Type="ROUTE-TIMINGSUMMARY" Name="PICtop_timing_summary_routed.rpt"/>
  <File Type="ROUTE-TIMING-PB" Name="PICtop_timing_summary_routed.pb"/>
  <File Type="ROUTE-TIMING-RPX" Name="PICtop_timing_summary_routed.rpx"/>
  <File Type="ROUTE-SIMILARITY" Name="PICtop_incremental_reuse_routed.rpt"/>
  <File Type="ROUTE-CLK" Name="PICtop_clock_utilization_routed.rpt"/>
  <File Type="POSTROUTE-PHYSOPT-DCP" Name="PICtop_postroute_physopt.dcp"/>
  <File Type="POSTROUTE-PHYSOPT-BLACKBOX-DCP" Name="PICtop_postroute_physopt_bb.dcp"/>
  <File Type="POSTROUTE-PHYSOPT-TIMING" Name="PICtop_timing_summary_postroute_physopted.rpt"/>
  <File Type="POSTROUTE-PHYSOPT-TIMING-PB" Name="PICtop_timing_summary_postroute_physopted.pb"/>
  <File Type="POSTROUTE-PHYSOPT-TIMING-RPX" Name="PICtop_timing_summary_postroute_physopted.rpx"/>
  <File Type="BG-BIT" Name="PICtop.bit"/>
  <File Type="BITSTR-RBT" Name="PICtop.rbt"/>
  <File Type="BITSTR-NKY" Name="PICtop.nky"/>
  <File Type="BITSTR-BMM" Name="PICtop_bd.bmm"/>
  <File Type="BITSTR-MMI" Name="PICtop.mmi"/>
  <File Type="BITSTR-SYSDEF" Name="PICtop.sysdef"/>
  <File Type="WBT-USG" Name="usage_statistics_webtalk.html"/>
  <FileSet Name="sources" Type="DesignSrcs" RelSrcDir="$PSRCDIR/sources_1">
    <Filter Type="Srcs"/>
    <File Path="$PSRCDIR/sources_1/ip/clk_converter/clk_converter.xci">
      <FileInfo>
        <Attr Name="UsedIn" Val="synthesis"/>
        <Attr Name="UsedIn" Val="implementation"/>
        <Attr Name="UsedIn" Val="simulation"/>
      </FileInfo>
    </File>
    <File Path="$PSRCDIR/sources_1/imports/PIC/PIC_pkg.vhd">
      <FileInfo>
        <Attr Name="ImportPath" Val="$PPRDIR/../../../../../../../PIC/PIC_pkg.vhd"/>
        <Attr Name="ImportTime" Val="1383582302"/>
        <Attr Name="UsedIn" Val="synthesis"/>
        <Attr Name="UsedIn" Val="simulation"/>
      </FileInfo>
    </File>
    <File Path="$PSRCDIR/sources_1/new/ALU.vhd">
      <FileInfo>
        <Attr Name="ImportPath" Val="$PSRCDIR/sources_1/new/ALU.vhd"/>
        <Attr Name="ImportTime" Val="1539358259"/>
        <Attr Name="UsedIn" Val="synthesis"/>
        <Attr Name="UsedIn" Val="simulation"/>
      </FileInfo>
    </File>
    <File Path="$PSRCDIR/sources_1/new/DMA_R.vhd">
      <FileInfo>
        <Attr Name="UsedIn" Val="synthesis"/>
        <Attr Name="UsedIn" Val="simulation"/>
      </FileInfo>
    </File>
    <File Path="$PSRCDIR/sources_1/new/DMA_T.vhd">
      <FileInfo>
        <Attr Name="UsedIn" Val="synthesis"/>
        <Attr Name="UsedIn" Val="simulation"/>
      </FileInfo>
    </File>
    <File Path="$PSRCDIR/sources_1/new/MAIN_CONTROL.vhd">
      <FileInfo>
        <Attr Name="ImportPath" Val="$PSRCDIR/sources_1/new/MAIN_CONTROL.vhd"/>
        <Attr Name="ImportTime" Val="1539361551"/>
        <Attr Name="UsedIn" Val="synthesis"/>
        <Attr Name="UsedIn" Val="simulation"/>
      </FileInfo>
    </File>
    <File Path="$PSRCDIR/sources_1/imports/PIC/RAM.vhd">
      <FileInfo>
        <Attr Name="ImportPath" Val="$PPRDIR/../../../../../../../PIC/RAM.vhd"/>
        <Attr Name="ImportTime" Val="1539002464"/>
        <Attr Name="UsedIn" Val="synthesis"/>
        <Attr Name="UsedIn" Val="simulation"/>
      </FileInfo>
    </File>
    <File Path="$PSRCDIR/sources_1/imports/PIC/ROM.vhd">
      <FileInfo>
        <Attr Name="ImportPath" Val="$PPRDIR/../../../../../../../PIC/ROM.vhd"/>
        <Attr Name="ImportTime" Val="1539002474"/>
        <Attr Name="UsedIn" Val="synthesis"/>
        <Attr Name="UsedIn" Val="simulation"/>
      </FileInfo>
    </File>
    <File Path="$PSRCDIR/sources_1/imports/new/RS232_RX.vhd">
      <FileInfo>
        <Attr Name="ImportPath" Val="$PPRDIR/../../01/Practica1OrBr/Practica1OrBr.srcs/sources_1/new/RS232_RX.vhd"/>
        <Attr Name="ImportTime" Val="1538865560"/>
        <Attr Name="UsedIn" Val="synthesis"/>
        <Attr Name="UsedIn" Val="simulation"/>
      </FileInfo>
    </File>
    <File Path="$PSRCDIR/sources_1/imports/new/RS232_TX.vhd">
      <FileInfo>
        <Attr Name="ImportPath" Val="$PPRDIR/../../01/Practica1OrBr/Practica1OrBr.srcs/sources_1/new/RS232_TX.vhd"/>
        <Attr Name="ImportTime" Val="1538853654"/>
        <Attr Name="UsedIn" Val="synthesis"/>
        <Attr Name="UsedIn" Val="simulation"/>
      </FileInfo>
    </File>
    <File Path="$PSRCDIR/sources_1/imports/Practica1/RS232top.vhd">
      <FileInfo>
        <Attr Name="ImportPath" Val="$PPRDIR/../../01/Practica1OrBr/Practica1OrBr.srcs/sources_1/imports/Practica1/RS232top.vhd"/>
        <Attr Name="ImportTime" Val="1539105791"/>
        <Attr Name="UsedIn" Val="synthesis"/>
        <Attr Name="UsedIn" Val="simulation"/>
      </FileInfo>
    </File>
    <File Path="$PSRCDIR/sources_1/imports/new/ShiftRegister.vhd">
      <FileInfo>
        <Attr Name="ImportPath" Val="$PPRDIR/../../01/Practica1OrBr/Practica1OrBr.srcs/sources_1/imports/new/ShiftRegister.vhd"/>
        <Attr Name="ImportTime" Val="1538776635"/>
        <Attr Name="UsedIn" Val="synthesis"/>
        <Attr Name="UsedIn" Val="simulation"/>
      </FileInfo>
    </File>
    <File Path="$PSRCDIR/sources_1/imports/PIC/PICtop.vhd">
      <FileInfo>
        <Attr Name="ImportPath" Val="$PPRDIR/../../../../../../../PIC/PICtop.vhd"/>
        <Attr Name="ImportTime" Val="1539002450"/>
        <Attr Name="UsedIn" Val="synthesis"/>
        <Attr Name="UsedIn" Val="simulation"/>
      </FileInfo>
    </File>
    <File Path="$PSRCDIR/sources_1/new/DMA.vhd">
      <FileInfo>
        <Attr Name="AutoDisabled" Val="1"/>
        <Attr Name="ImportPath" Val="$PSRCDIR/sources_1/new/DMA.vhd"/>
        <Attr Name="ImportTime" Val="1540085016"/>
        <Attr Name="UsedIn" Val="synthesis"/>
        <Attr Name="UsedIn" Val="simulation"/>
      </FileInfo>
    </File>
    <File Path="$PSRCDIR/sources_1/new/RS232_DMA_RAM.vhd">
      <FileInfo>
        <Attr Name="AutoDisabled" Val="1"/>
        <Attr Name="UsedIn" Val="synthesis"/>
        <Attr Name="UsedIn" Val="simulation"/>
      </FileInfo>
    </File>
    <File Path="$PSRCDIR/sources_1/imports/Microcontrolador/archive_project_summary.txt">
      <FileInfo>
        <Attr Name="ImportPath" Val="$PPRDIR/archive_project_summary.txt"/>
        <Attr Name="ImportTime" Val="1539279452"/>
      </FileInfo>
    </File>
    <File Path="$PPRDIR/archive_project_summary.txt"/>
    <File Path="$PSRCDIR/sources_1/imports/PIC/RS232_test.vhd">
      <FileInfo>
        <Attr Name="AutoDisabled" Val="1"/>
        <Attr Name="ImportPath" Val="$PPRDIR/../PIC/RS232_test.vhd"/>
        <Attr Name="ImportTime" Val="1381240294"/>
        <Attr Name="UsedIn" Val="synthesis"/>
        <Attr Name="UsedIn" Val="simulation"/>
      </FileInfo>
    </File>
    <Config>
      <Option Name="DesignMode" Val="RTL"/>
      <Option Name="TopModule" Val="PICtop"/>
    </Config>
  </FileSet>
  <FileSet Name="constrs_in" Type="Constrs" RelSrcDir="$PSRCDIR/constrs_1">
    <Filter Type="Constrs"/>
    <File Path="$PSRCDIR/constrs_1/imports/PIC/PICtop.xdc">
      <FileInfo>
        <Attr Name="ImportPath" Val="$PPRDIR/../../../../../../../PIC/PICtop.xdc"/>
        <Attr Name="ImportTime" Val="1539002266"/>
        <Attr Name="UsedIn" Val="synthesis"/>
        <Attr Name="UsedIn" Val="implementation"/>
      </FileInfo>
    </File>
    <Config>
      <Option Name="ConstrsType" Val="XDC"/>
    </Config>
  </FileSet>
  <Strategy Version="1" Minor="2">
    <StratHandle Name="Vivado Implementation Defaults" Flow="Vivado Implementation 2017"/>
    <Step Id="init_design"/>
    <Step Id="opt_design"/>
    <Step Id="power_opt_design"/>
    <Step Id="place_design"/>
    <Step Id="post_place_power_opt_design"/>
    <Step Id="phys_opt_design"/>
    <Step Id="route_design"/>
    <Step Id="post_route_phys_opt_design"/>
    <Step Id="write_bitstream"/>
  </Strategy>
  <BlockFileSet Type="BlockSrcs" Name="fifo_generator_0"/>
</GenRun>
