<?xml version="1.0" encoding="UTF-8"?>
<GenRun Id="synth_1" LaunchPart="xc7a100tcsg324-1" LaunchTime="1546790048">
  <File Type="RDS-PROPCONSTRS" Name="PICtop_drc_synth.rpt"/>
  <File Type="PA-TCL" Name="PICtop.tcl"/>
  <File Type="RDS-RDS" Name="PICtop.vds"/>
  <File Type="RDS-UTIL" Name="PICtop_utilization_synth.rpt"/>
  <File Type="RDS-UTIL-PB" Name="PICtop_utilization_synth.pb"/>
  <File Type="RDS-DCP" Name="PICtop.dcp"/>
  <File Type="VDS-TIMINGSUMMARY" Name="PICtop_timing_summary_synth.rpt"/>
  <File Type="VDS-TIMING-PB" Name="PICtop_timing_summary_synth.pb"/>
  <FileSet Name="sources" Type="DesignSrcs" RelSrcDir="$PSRCDIR/sources_1">
    <Filter Type="Srcs"/>
    <File Path="$PSRCDIR/sources_1/ip/clk_converter/clk_converter.xci">
      <FileInfo>
        <Attr Name="UsedIn" Val="synthesis"/>
        <Attr Name="UsedIn" Val="implementation"/>
        <Attr Name="UsedIn" Val="simulation"/>
      </FileInfo>
    </File>
    <File Path="$PSRCDIR/sources_1/imports/PIC/PIC_pkg.vhd">
      <FileInfo>
        <Attr Name="ImportPath" Val="$PPRDIR/../../../../../../../PIC/PIC_pkg.vhd"/>
        <Attr Name="ImportTime" Val="1383582302"/>
        <Attr Name="UsedIn" Val="synthesis"/>
        <Attr Name="UsedIn" Val="simulation"/>
      </FileInfo>
    </File>
    <File Path="$PSRCDIR/sources_1/new/ALU.vhd">
      <FileInfo>
        <Attr Name="ImportPath" Val="$PSRCDIR/sources_1/new/ALU.vhd"/>
        <Attr Name="ImportTime" Val="1539358259"/>
        <Attr Name="UsedIn" Val="synthesis"/>
        <Attr Name="UsedIn" Val="simulation"/>
      </FileInfo>
    </File>
    <File Path="$PSRCDIR/sources_1/new/DMA.vhd">
      <FileInfo>
        <Attr Name="ImportPath" Val="$PSRCDIR/sources_1/new/DMA.vhd"/>
        <Attr Name="ImportTime" Val="1540085016"/>
        <Attr Name="UsedIn" Val="synthesis"/>
        <Attr Name="UsedIn" Val="simulation"/>
      </FileInfo>
    </File>
    <File Path="$PSRCDIR/sources_1/new/MAIN_CONTROL.vhd">
      <FileInfo>
        <Attr Name="ImportPath" Val="$PSRCDIR/sources_1/new/MAIN_CONTROL.vhd"/>
        <Attr Name="ImportTime" Val="1539361551"/>
        <Attr Name="UsedIn" Val="synthesis"/>
        <Attr Name="UsedIn" Val="simulation"/>
      </FileInfo>
    </File>
    <File Path="$PSRCDIR/sources_1/imports/PIC/RAM.vhd">
      <FileInfo>
        <Attr Name="ImportPath" Val="$PPRDIR/../../../../../../../PIC/RAM.vhd"/>
        <Attr Name="ImportTime" Val="1539002464"/>
        <Attr Name="UsedIn" Val="synthesis"/>
        <Attr Name="UsedIn" Val="simulation"/>
      </FileInfo>
    </File>
    <File Path="$PSRCDIR/sources_1/imports/PIC/ROM.vhd">
      <FileInfo>
        <Attr Name="ImportPath" Val="$PPRDIR/../../../../../../../PIC/ROM.vhd"/>
        <Attr Name="ImportTime" Val="1539002474"/>
        <Attr Name="UsedIn" Val="synthesis"/>
        <Attr Name="UsedIn" Val="simulation"/>
      </FileInfo>
    </File>
    <File Path="$PSRCDIR/sources_1/imports/new/RS232_RX.vhd">
      <FileInfo>
        <Attr Name="ImportPath" Val="$PPRDIR/../../01/Practica1OrBr/Practica1OrBr.srcs/sources_1/new/RS232_RX.vhd"/>
        <Attr Name="ImportTime" Val="1538865560"/>
        <Attr Name="UsedIn" Val="synthesis"/>
        <Attr Name="UsedIn" Val="simulation"/>
      </FileInfo>
    </File>
    <File Path="$PSRCDIR/sources_1/imports/new/RS232_TX.vhd">
      <FileInfo>
        <Attr Name="ImportPath" Val="$PPRDIR/../../01/Practica1OrBr/Practica1OrBr.srcs/sources_1/new/RS232_TX.vhd"/>
        <Attr Name="ImportTime" Val="1538853654"/>
        <Attr Name="UsedIn" Val="synthesis"/>
        <Attr Name="UsedIn" Val="simulation"/>
      </FileInfo>
    </File>
    <File Path="$PSRCDIR/sources_1/imports/Practica1/RS232top.vhd">
      <FileInfo>
        <Attr Name="ImportPath" Val="$PPRDIR/../../01/Practica1OrBr/Practica1OrBr.srcs/sources_1/imports/Practica1/RS232top.vhd"/>
        <Attr Name="ImportTime" Val="1539105791"/>
        <Attr Name="UsedIn" Val="synthesis"/>
        <Attr Name="UsedIn" Val="simulation"/>
      </FileInfo>
    </File>
    <File Path="$PSRCDIR/sources_1/imports/new/ShiftRegister.vhd">
      <FileInfo>
        <Attr Name="ImportPath" Val="$PPRDIR/../../01/Practica1OrBr/Practica1OrBr.srcs/sources_1/imports/new/ShiftRegister.vhd"/>
        <Attr Name="ImportTime" Val="1538776635"/>
        <Attr Name="UsedIn" Val="synthesis"/>
        <Attr Name="UsedIn" Val="simulation"/>
      </FileInfo>
    </File>
    <File Path="$PSRCDIR/sources_1/imports/PIC/PICtop.vhd">
      <FileInfo>
        <Attr Name="ImportPath" Val="$PPRDIR/../../../../../../../PIC/PICtop.vhd"/>
        <Attr Name="ImportTime" Val="1539002450"/>
        <Attr Name="UsedIn" Val="synthesis"/>
        <Attr Name="UsedIn" Val="simulation"/>
      </FileInfo>
    </File>
    <File Path="$PSRCDIR/sources_1/new/RS232_DMA_RAM.vhd">
      <FileInfo>
        <Attr Name="AutoDisabled" Val="1"/>
        <Attr Name="UsedIn" Val="synthesis"/>
        <Attr Name="UsedIn" Val="simulation"/>
      </FileInfo>
    </File>
    <File Path="$PSRCDIR/sources_1/imports/Microcontrolador/archive_project_summary.txt">
      <FileInfo>
        <Attr Name="ImportPath" Val="$PPRDIR/archive_project_summary.txt"/>
        <Attr Name="ImportTime" Val="1539279452"/>
      </FileInfo>
    </File>
    <File Path="$PPRDIR/archive_project_summary.txt"/>
    <File Path="$PSRCDIR/sources_1/imports/PIC/RS232_test.vhd">
      <FileInfo>
        <Attr Name="AutoDisabled" Val="1"/>
        <Attr Name="ImportPath" Val="$PPRDIR/../PIC/RS232_test.vhd"/>
        <Attr Name="ImportTime" Val="1381240294"/>
        <Attr Name="UsedIn" Val="synthesis"/>
        <Attr Name="UsedIn" Val="simulation"/>
      </FileInfo>
    </File>
    <Config>
      <Option Name="DesignMode" Val="RTL"/>
      <Option Name="TopModule" Val="PICtop"/>
    </Config>
  </FileSet>
  <FileSet Name="constrs_in" Type="Constrs" RelSrcDir="$PSRCDIR/constrs_1">
    <Filter Type="Constrs"/>
    <File Path="$PSRCDIR/constrs_1/imports/PIC/PICtop.xdc">
      <FileInfo>
        <Attr Name="ImportPath" Val="$PPRDIR/../../../../../../../PIC/PICtop.xdc"/>
        <Attr Name="ImportTime" Val="1539002266"/>
        <Attr Name="UsedIn" Val="synthesis"/>
        <Attr Name="UsedIn" Val="implementation"/>
      </FileInfo>
    </File>
    <Config>
      <Option Name="ConstrsType" Val="XDC"/>
    </Config>
  </FileSet>
  <Strategy Version="1" Minor="2">
    <StratHandle Name="Vivado Synthesis Defaults" Flow="Vivado Synthesis 2017"/>
    <Step Id="synth_design"/>
  </Strategy>
  <BlockFileSet Type="BlockSrcs" Name="fifo_generator_0"/>
</GenRun>
